filename,mfcc0,mfcc1,mfcc2,mfcc3,mfcc4,mfcc5,mfcc6,mfcc7,mfcc8,mfcc9,mfcc10,mfcc11,mfcc12,mfcc13,mfcc14,mfcc15,mfcc16,mfcc17,mfcc18,mfcc19,chroma0,chroma1,chroma2,chroma3,chroma4,chroma5,chroma6,chroma7,chroma8,chroma9,chroma10,chroma11,tempo,zcr,rms,centroid,rolloff,bandwidth,pitch
1051200.2min.mp3,-222.45680236816406,133.00643920898438,-1.3321048021316528,22.93050765991211,9.973830223083496,1.4509168863296509,-2.4802942276000977,-1.1898211240768433,1.7237783670425415,-8.419096946716309,-6.6748151779174805,-6.606176853179932,-9.96440601348877,0.96174156665802,-8.419451713562012,-8.233327865600586,-7.97279691696167,-5.254000663757324,-6.559726238250732,-5.817198276519775,0.3698867857456207,0.1612481325864792,0.3199358284473419,0.11832175403833389,0.0751010999083519,0.08815576881170273,0.2559409439563751,0.43075641989707947,0.28222861886024475,0.2861061096191406,0.38043954968452454,0.6740741729736328,123.046875,0.0538386767124613,0.07662104070186615,1467.5034441042412,3021.5900621916117,1930.647847490297,731.49072265625
1051201.2min.mp3,-230.5938720703125,165.68931579589844,-25.13046646118164,9.993969917297363,13.77106761932373,-6.437450885772705,-10.340614318847656,-7.556855201721191,-4.601315975189209,-14.23376750946045,-9.364727020263672,-4.741524696350098,-10.567544937133789,-4.85382604598999,-13.782220840454102,-9.780752182006836,-4.329077243804932,1.3002545833587646,-1.8328276872634888,-0.1633533239364624,0.34008124470710754,0.5861217379570007,0.17643974721431732,0.10901696234941483,0.09266600012779236,0.2937517762184143,0.3150182068347931,0.16947421431541443,0.3000088036060333,0.17859578132629395,0.3056296110153198,0.24869996309280396,123.046875,0.05704047141060371,0.08125966787338257,1240.5951895385947,2323.119285748839,1516.2269442945876,872.7506103515625
1060600.2min.mp3,-301.3131408691406,75.29862213134766,-4.739389419555664,22.126705169677734,-12.751694679260254,1.6450369358062744,-13.075016975402832,-7.7350287437438965,-17.754058837890625,-7.633039951324463,-12.661032676696777,-8.187541007995605,-11.320466995239258,-7.312735080718994,-8.702315330505371,-5.539956092834473,-3.8635647296905518,-6.670230388641357,-5.904399394989014,-0.43739521503448486,0.2843368351459503,0.19287055730819702,0.26039883494377136,0.24733474850654602,0.35580676794052124,0.24070730805397034,0.2034156769514084,0.29138463735580444,0.19874706864356995,0.28069549798965454,0.19274282455444336,0.25084012746810913,123.046875,0.0647766302244582,0.07897201925516129,1752.0619456513814,3420.7709817325367,2012.1228684550417,1254.98095703125
1069500.2min.mp3,-284.7120666503906,131.7679443359375,23.303590774536133,6.581625461578369,7.617724895477295,10.371562004089355,-14.348010063171387,-3.283442258834839,-10.396404266357422,-7.262750625610352,-6.058588981628418,-9.106403350830078,-13.566020965576172,-13.098652839660645,-9.552407264709473,-4.880703449249268,-6.514675617218018,-4.227805137634277,-4.19053316116333,-0.6426226496696472,0.4280818700790405,0.19887538254261017,0.27614113688468933,0.4102841913700104,0.3121122121810913,0.19657444953918457,0.19649268686771393,0.5081284642219543,0.3864358365535736,0.22118574380874634,0.2465108335018158,0.34096837043762207,129.19921875,0.05128918343653251,0.07346240431070328,1345.992435430517,2674.7338262504836,1877.3062217019956,790.7785034179688
1115100.2min.mp3,-62.82192611694336,88.73108673095703,-14.9610595703125,22.053768157958984,12.628497123718262,23.513629913330078,8.667596817016602,9.075339317321777,-0.8640231490135193,6.308690547943115,2.3898489475250244,8.533425331115723,-2.637651205062866,1.523561716079712,-2.0954596996307373,-0.4408690631389618,-2.1147119998931885,0.5439908504486084,-1.1179602146148682,1.5414358377456665,0.37220925092697144,0.47431403398513794,0.4604460597038269,0.5641075372695923,0.45488154888153076,0.6446049809455872,0.38165709376335144,0.30931803584098816,0.350678950548172,0.371345192193985,0.49825233221054077,0.3764079809188843,86.1328125,0.09237207938273993,0.2130908966064453,2238.061614725043,4738.313014736116,2379.8862134272836,1339.6817626953125
1162101.2min.mp3,-257.9342041015625,175.37538146972656,-25.191179275512695,44.49595642089844,9.094404220581055,7.8794755935668945,6.817168235778809,-1.9299229383468628,1.3443593978881836,5.262999534606934,-6.707081317901611,1.3916749954223633,-1.2380707263946533,-1.0813902616500854,2.1182548999786377,2.2113263607025146,-1.1109734773635864,-0.3376457393169403,-2.9038898944854736,-5.626332759857178,0.4234614968299866,0.305779367685318,0.4086742103099823,0.5287432670593262,0.3044619858264923,0.25397393107414246,0.2035508006811142,0.47409090399742126,0.23255719244480133,0.1784611940383911,0.36406564712524414,0.3140678405761719,99.38401442307692,0.033112422600619196,0.07819873094558716,910.142476828451,1817.4806766096654,1270.7488247256733,578.35205078125
1169701.2min.mp3,-102.9378890991211,97.39651489257812,34.63848876953125,35.43669128417969,8.161256790161133,15.515109062194824,-2.548462390899658,2.0175211429595947,-0.1719008833169937,4.162731647491455,5.570107460021973,4.544093608856201,-0.6919727325439453,0.23375234007835388,-2.217945098876953,1.8086127042770386,-2.0218732357025146,-1.559967279434204,-3.96176815032959,-3.866624116897583,0.3634657859802246,0.5325869917869568,0.44238755106925964,0.5148885250091553,0.3405824899673462,0.3324417769908905,0.251446008682251,0.298488050699234,0.35860317945480347,0.32404661178588867,0.47807738184928894,0.3792206645011902,123.046875,0.0493390818498452,0.20040258765220642,1948.6009957050048,4820.845849004692,2616.3185585690453,504.1271057128906
1180601.2min.mp3,-181.81912231445312,70.04662322998047,1.1644668579101562,8.858292579650879,1.1488609313964844,15.983437538146973,-0.5287412405014038,12.128280639648438,-7.534847736358643,3.0032312870025635,-0.21567471325397491,4.803251266479492,-1.665637493133545,7.2588653564453125,2.9118683338165283,0.7228577136993408,-1.0757756233215332,-0.05642879754304886,-10.5549955368042,-12.540348052978516,0.18822912871837616,0.20629894733428955,0.2325606644153595,0.6461572051048279,0.2210848033428192,0.1795056015253067,0.2945527732372284,0.21245324611663818,0.3934670090675354,0.26113811135292053,0.3758445382118225,0.38333678245544434,172.265625,0.15848468036474458,0.09241236746311188,2951.7137549147956,5421.1672189434985,2401.631576417983,1410.8963623046875
1210700.2min.mp3,-117.29788970947266,89.9704360961914,20.447673797607422,22.88040542602539,11.525609970092773,20.047748565673828,-3.085538864135742,4.921555042266846,0.6553907990455627,-1.3726842403411865,-0.48945632576942444,-0.14001908898353577,-3.331289768218994,-3.7911617755889893,-5.145959854125977,-3.299495220184326,-7.453250408172607,-1.3752074241638184,-6.5615386962890625,-5.9349188804626465,0.40078204870224,0.4046054184436798,0.45256301760673523,0.3638133108615875,0.41890355944633484,0.32839271426200867,0.34006983041763306,0.3471512794494629,0.36639663577079773,0.46529442071914673,0.4044589698314667,0.43565255403518677,129.19921875,0.08094244328076626,0.1500810831785202,2254.219379291687,5162.627115633465,2660.67232901716,746.6315307617188
1211600.2min.mp3,-386.7666320800781,80.71324920654297,3.7879180908203125,17.82341766357422,12.532510757446289,-0.4198632538318634,-0.24974876642227173,-0.8274967074394226,-20.185331344604492,-5.660597801208496,-15.33459186553955,-6.8849945068359375,-10.944723129272461,-3.421745777130127,-1.9830725193023682,-5.84734582901001,-11.876102447509766,-2.859563112258911,-6.619929790496826,-4.476619243621826,0.4032345712184906,0.29412370920181274,0.3697148263454437,0.4508562982082367,0.3219676911830902,0.3206712305545807,0.35533592104911804,0.36893966794013977,0.22990329563617706,0.20217767357826233,0.2514171302318573,0.32421061396598816,112.34714673913044,0.11075405439725232,0.015916788950562477,2464.3200840038658,4990.411490331124,2511.670875190315,1431.2437744140625
1211601.2min.mp3,-253.99693298339844,147.5218963623047,-2.2355048656463623,19.134502410888672,13.134551048278809,0.431791752576828,1.3996355533599854,-0.12912285327911377,-12.638018608093262,1.0682817697525024,-7.436932563781738,-5.302206993103027,-9.26584529876709,-4.104824066162109,-3.4991888999938965,-5.018178939819336,-1.808209776878357,0.48164108395576477,-6.285401821136475,-4.495692253112793,0.20916610956192017,0.25709620118141174,0.1834888458251953,0.2432466447353363,0.24086076021194458,0.409125417470932,0.4618690311908722,0.28566405177116394,0.30340343713760376,0.32764187455177307,0.5602821111679077,0.31728342175483704,117.45383522727273,0.05585567131869195,0.06225075572729111,1393.194773906875,2701.2086661607486,1723.6174274160041,811.60693359375
12301.2min.mp3,-123.62825012207031,97.2966537475586,2.6807072162628174,30.65591812133789,8.400771141052246,12.925517082214355,-0.8485561013221741,4.258570671081543,-4.677877902984619,-8.139687538146973,-8.153239250183105,-2.338070869445801,-10.650483131408691,-6.479482173919678,-6.358758926391602,-1.3182553052902222,-2.743433952331543,-3.50927734375,-6.428730487823486,-5.157342433929443,0.33338940143585205,0.4835931062698364,0.37864917516708374,0.3324243128299713,0.5191790461540222,0.2405337691307068,0.20429477095603943,0.26720982789993286,0.27719974517822266,0.330207884311676,0.270320326089859,0.25501561164855957,129.19921875,0.08214802933920279,0.16195403039455414,1996.9190221004073,4250.057633816274,2230.0168270880276,1126.9935302734375
133600.2min.mp3,-51.01694869995117,94.46076965332031,-15.428458213806152,34.837013244628906,3.211750030517578,14.898059844970703,-4.979757785797119,-1.4986168146133423,2.534757614135742,-5.340429782867432,-0.7535941004753113,8.315227508544922,-5.596151351928711,1.788071632385254,-0.90607750415802,4.312650680541992,0.2352665215730667,-1.55719792842865,-4.4185357093811035,4.194332599639893,0.4783593416213989,0.42152243852615356,0.47818517684936523,0.3624876141548157,0.36212554574012756,0.45635896921157837,0.5074928998947144,0.3909793198108673,0.32151827216148376,0.42963704466819763,0.35518041253089905,0.5424143671989441,161.4990234375,0.10023144228908669,0.1965765506029129,2215.065437579185,4853.162320258079,2332.2078399385514,1302.5418701171875
1408401.2min.mp3,-278.6367492675781,78.14190673828125,13.01623249053955,39.21474075317383,3.0130815505981445,11.456774711608887,-4.8773956298828125,7.650493621826172,-2.314854145050049,4.2614359855651855,1.8958830833435059,3.1889634132385254,-0.9581539034843445,7.6476664543151855,3.3429200649261475,7.913680076599121,-0.020352767780423164,-0.8831161856651306,-5.895822048187256,-1.101480484008789,0.4851709008216858,0.3182132840156555,0.33489614725112915,0.28392288088798523,0.33652976155281067,0.3032899498939514,0.29958102107048035,0.2846265733242035,0.22412694990634918,0.2949463725090027,0.27840617299079895,0.47703057527542114,69.83741554054055,0.11619544250677244,0.09732449799776077,2169.1911356728406,4232.224408318015,2161.557109795885,1997.898193359375
18500.2min.mp3,-137.0420684814453,152.9965362548828,-23.901981353759766,29.181543350219727,-1.3715667724609375,-6.9506940841674805,-8.392407417297363,-2.0939531326293945,-10.920344352722168,-4.164405822753906,-5.228591442108154,-1.4682233333587646,-1.512621521949768,-3.3719630241394043,-5.806569576263428,-4.073967456817627,-5.181069374084473,1.5498318672180176,2.2742650508880615,-1.0793769359588623,0.34417182207107544,0.37456369400024414,0.5011003017425537,0.3512372374534607,0.2669355571269989,0.3033643364906311,0.32400989532470703,0.3927403688430786,0.3472750782966614,0.3136347830295563,0.301738977432251,0.28060832619667053,112.34714673913044,0.06674033717105263,0.16445015370845795,1363.3986152177122,2656.792268073965,1573.4555327479545,1001.5248413085938
246601.2min.mp3,-259.28759765625,155.77886962890625,-13.721323013305664,18.440664291381836,-5.499763488769531,1.3969497680664062,-6.634003639221191,-0.4460018277168274,-8.844911575317383,-4.523211479187012,-10.351128578186035,-7.66912841796875,-6.663283824920654,0.6962258219718933,-7.533854007720947,-5.662745475769043,-9.64808177947998,0.6208637952804565,-1.32550048828125,-2.7357258796691895,0.2686275541782379,0.12579220533370972,0.29783931374549866,0.295682817697525,0.6287983655929565,0.23302382230758667,0.17466385662555695,0.23300497233867645,0.16944830119609833,0.09629697352647781,0.1863771229982376,0.6285707354545593,123.046875,0.062428571860487614,0.06009531021118164,1167.8754889089591,2142.4537115421826,1486.1675977732243,771.495849609375
387501.2min.mp3,-329.4599609375,179.05349731445312,-6.042943954467773,29.27433204650879,11.897378921508789,-1.5810515880584717,-3.5933992862701416,-10.07318115234375,-5.932740211486816,-7.419173717498779,-5.19276762008667,-4.354624271392822,-4.700567722320557,-5.753574371337891,-5.177478313446045,-3.4051434993743896,-1.9290813207626343,-2.85284161567688,-4.099369049072266,-4.485535144805908,0.1894179880619049,0.3497706651687622,0.3066299855709076,0.11621575802564621,0.17515583336353302,0.1786508411169052,0.36387568712234497,0.3159952163696289,0.2741889953613281,0.4444424510002136,0.2615821063518524,0.3841860890388489,135.99917763157896,0.038536048156927245,0.06574688851833344,749.9795183936192,1379.5333248173858,952.371405584224,660.3796997070312
415600.2min.mp3,-197.765380859375,128.06016540527344,-5.269638538360596,14.770604133605957,14.459212303161621,2.553485631942749,-4.428075790405273,7.572277545928955,7.694377422332764,3.678816080093384,-1.7329941987991333,1.946380853652954,0.21871693432331085,4.732060432434082,3.7267627716064453,5.5166401863098145,6.020236015319824,0.9057565331459045,-1.2549996376037598,1.5405598878860474,0.38476601243019104,0.30208250880241394,0.3005378544330597,0.2971683740615845,0.5745565891265869,0.3164253234863281,0.3272284269332886,0.5255504250526428,0.5561337471008301,0.6876541376113892,0.3874472975730896,0.41082900762557983,117.45383522727273,0.06231519386126161,0.1349748820066452,1517.1424320437136,3126.664426821304,1981.4877627583132,1112.225830078125
945200.2min.mp3,-165.55860900878906,116.95296478271484,-10.107156753540039,-3.7323966026306152,-3.218616247177124,0.33499985933303833,-8.02551555633545,-2.653003692626953,-6.000543594360352,-5.641242504119873,-10.254626274108887,-6.933924198150635,-7.34559440612793,3.7799723148345947,3.608144521713257,10.636472702026367,4.626299858093262,-4.517048358917236,-9.98630428314209,-3.1565322875976562,0.26580241322517395,0.30020400881767273,0.24901258945465088,0.3779945969581604,0.19878342747688293,0.23834644258022308,0.292305052280426,0.2573789060115814,0.44538846611976624,0.31690478324890137,0.6411886215209961,0.5432847142219543,129.19921875,0.0972220122629644,0.11276192218065262,2069.521815004728,4098.858548096459,1960.4886287290913,1055.12939453125
acoustic-guitar-366041.mp3,-148.5283203125,141.86846923828125,-1.0090699195861816,21.984262466430664,7.81826639175415,8.159993171691895,-2.4596445560455322,-0.5700390934944153,-8.831335067749023,-2.6001274585723877,-8.734256744384766,-0.5309215784072876,-5.065268039703369,-6.891518592834473,-12.566031455993652,-10.015033721923828,-8.691204071044922,-5.685332775115967,-9.700806617736816,-4.004120826721191,0.2516566216945648,0.29321879148483276,0.1902783066034317,0.3709261417388916,0.5160955190658569,0.19858074188232422,0.1713947057723999,0.1935693621635437,0.40439772605895996,0.3235788941383362,0.26022472977638245,0.43841660022735596,112.34714673913044,0.04693093314628483,0.15880638360977173,1291.8603732988151,2678.0004731641834,1842.3386376549875,746.7261352539062
afrobeat-rose-294633.mp3,-239.97474670410156,125.43014526367188,35.353309631347656,26.57202911376953,2.8171074390411377,-1.8103737831115723,-7.4294819831848145,-6.597689628601074,-10.431734085083008,-8.081475257873535,-13.200422286987305,-5.065487384796143,-3.5682225227355957,0.11284530907869339,-0.9293771982192993,-3.5773019790649414,-8.853976249694824,-2.02626633644104,-3.3508799076080322,-2.8868980407714844,0.29557234048843384,0.3683810532093048,0.4372446537017822,0.30868032574653625,0.3206775188446045,0.32811760902404785,0.4981161653995514,0.33325502276420593,0.27132511138916016,0.3720175623893738,0.3517897129058838,0.4633752107620239,103.359375,0.048539011101973686,0.13838131725788116,1349.943390579562,2649.825643533524,1687.8859855005,930.765625
caves-of-dawn-10376.mp3,-315.3586120605469,164.02142333984375,4.292255401611328,36.5859375,23.41011619567871,10.686264038085938,16.096019744873047,16.556766510009766,4.985605716705322,1.1473191976547241,-4.389516830444336,-2.794342517852783,3.028775930404663,-0.14138846099376678,-4.082936763763428,-5.5668625831604,-1.8785203695297241,-4.527810096740723,3.304319381713867,3.107872247695923,0.37242791056632996,0.591840922832489,0.3120860159397125,0.27117568254470825,0.2658419609069824,0.3269572854042053,0.3476875424385071,0.4850503206253052,0.6698829531669617,0.479739785194397,0.251211017370224,0.2640748918056488,112.34714673913044,0.030267390673374615,0.04912329837679863,787.2400226398275,1515.7991675031444,1254.4794706022958,602.5401000976562
cbpd-mp3-115113.mp3,-273.767822265625,112.56330108642578,11.606877326965332,-1.1849112510681152,-6.264318943023682,-3.067521095275879,-18.032318115234375,-10.567694664001465,-12.07516860961914,-2.108635663986206,-0.18670332431793213,-1.317289113998413,-4.217358589172363,-1.881033182144165,-6.991966724395752,-6.342098236083984,-5.4290361404418945,-4.244846343994141,-2.950315237045288,5.321146011352539,0.31905123591423035,0.5063136219978333,0.38400352001190186,0.2921169400215149,0.4145878255367279,0.3298078775405884,0.5826694369316101,0.28720617294311523,0.23241481184959412,0.2505496144294739,0.2815631330013275,0.47502514719963074,143.5546875,0.05509603872387771,0.0955345407128334,1384.2185685220084,2604.334251947078,1668.6594634064784,998.1466064453125
complicated-instrumental-273140.mp3,-273.7647399902344,110.67249298095703,21.867759704589844,29.588029861450195,8.493867874145508,5.611855506896973,0.476551353931427,0.9786692261695862,-0.07524774968624115,3.2652063369750977,0.47552135586738586,-4.023239612579346,-5.679229259490967,-0.8165572285652161,-2.4463884830474854,0.10327469557523727,1.6795638799667358,2.444949150085449,-3.2427098751068115,-4.497612476348877,0.20922733843326569,0.22704003751277924,0.32166898250579834,0.3408915400505066,0.28238630294799805,0.3463571071624756,0.5136457681655884,0.8412898778915405,0.47749900817871094,0.39440596103668213,0.37871572375297546,0.24491333961486816,184.5703125,0.07624821618614551,0.10732194036245346,1389.5987782944276,2537.5179893092104,1415.9803034943986,1523.1951904296875
deep-house-instrumental-354596.mp3,-164.43406677246094,69.13607788085938,30.934741973876953,3.532358169555664,-6.763667106628418,0.3943638205528259,-12.394386291503906,-3.5551598072052,-9.3121976852417,-4.222074031829834,-11.355203628540039,-4.3065104484558105,-9.904826164245605,-5.0319366455078125,-6.720036506652832,-5.7712721824646,-9.232582092285156,-3.855177640914917,-8.47754192352295,-0.8735719919204712,0.610326886177063,0.519455075263977,0.6104999780654907,0.47336864471435547,0.45033037662506104,0.5615392923355103,0.41420990228652954,0.3681999742984772,0.3104285001754761,0.37366876006126404,0.4551374018192291,0.4145772457122803,123.046875,0.18768934125870743,0.08681038022041321,3435.663044057444,6663.576372931985,2894.0931955703754,1301.659423828125
euphoria-225525.mp3,-112.2455825805664,50.991668701171875,32.07743835449219,34.39830780029297,-5.093976974487305,12.807632446289062,-6.5248212814331055,1.9165281057357788,-6.344671249389648,1.098876953125,-3.3354814052581787,2.145490884780884,-1.956498384475708,4.277491569519043,-3.608121395111084,-1.2729198932647705,-4.077004909515381,0.9342963099479675,-3.6079773902893066,3.091466188430786,0.6027016639709473,0.340565025806427,0.3094426393508911,0.4574431777000427,0.8256028890609741,0.5012185573577881,0.3341570496559143,0.3543297052383423,0.3295425772666931,0.4368920624256134,0.37980541586875916,0.4462849497795105,112.34714673913044,0.11540293029218267,0.1973535567522049,3082.541586353496,6618.259980287346,2918.4808990034458,1344.4884033203125
faty-278997.mp3,-217.19320678710938,52.079933166503906,26.73965072631836,14.211764335632324,8.821688652038574,17.581911087036133,2.8626561164855957,9.121258735656738,-0.9172563552856445,5.237854480743408,-1.155085563659668,2.3963797092437744,-2.071593761444092,1.8545080423355103,-3.8218438625335693,0.1890651136636734,-2.330698251724243,2.0693390369415283,-0.44946449995040894,2.2711474895477295,0.3889252841472626,0.6168882846832275,0.3813650906085968,0.3801664113998413,0.46424293518066406,0.46820011734962463,0.5324532389640808,0.4811420142650604,0.5403431057929993,0.45155593752861023,0.3812207877635956,0.34525585174560547,112.34714673913044,0.12500453511996903,0.09132629632949829,3180.770453513924,6976.641146538796,3067.002218098106,1446.0164794921875
foolish-me-buju-inspired-176957.mp3,-191.40528869628906,129.98521423339844,22.661487579345703,12.588750839233398,0.9520847797393799,2.925380229949951,-2.1717123985290527,-0.711709201335907,-7.369311332702637,-10.453713417053223,-15.919136047363281,-6.580243110656738,-7.738390922546387,-5.137545585632324,-6.026906967163086,-3.937939167022705,-6.870065212249756,-3.7319815158843994,-5.254172325134277,-2.5350401401519775,0.3246394395828247,0.3639492690563202,0.3335428237915039,0.5175354480743408,0.31614506244659424,0.3518763482570648,0.4481058120727539,0.2811508774757385,0.3183676600456238,0.3182980418205261,0.4161677062511444,0.3878023028373718,112.34714673913044,0.04412596144543344,0.2229173481464386,1240.38505882584,2393.3438611104393,1671.3340727987122,933.5595092773438
forest-afrobeat-222485.mp3,-257.6048278808594,122.4323959350586,30.568809509277344,32.91937255859375,20.874357223510742,11.054142951965332,8.468631744384766,12.165243148803711,4.656875133514404,2.166590690612793,-1.7147136926651,-5.185432434082031,-1.5762174129486084,2.3389575481414795,-1.0493844747543335,1.861588478088379,-1.4922828674316406,-2.994340419769287,-1.396877408027649,-3.2997512817382812,0.41791367530822754,0.35185062885284424,0.3491930067539215,0.41312122344970703,0.6313391327857971,0.5054466128349304,0.3578368127346039,0.36397889256477356,0.3808593153953552,0.5825082659721375,0.48192477226257324,0.4783935546875,71.77734375,0.0332968508126935,0.17946697771549225,963.6750658401925,1849.84714756071,1543.4638389747583,694.4057006835938
friends-and-things-138165.mp3,-106.62822723388672,102.29747772216797,12.475151062011719,27.69476890563965,13.619248390197754,13.942878723144531,-1.7951701879501343,4.935561180114746,-6.5580949783325195,1.947797417640686,-5.648934841156006,5.925197124481201,-0.3763432502746582,5.121560096740723,-1.92485773563385,0.9423905611038208,-3.4082794189453125,-0.9520975351333618,-5.327841281890869,-0.8560928106307983,0.5046040415763855,0.3971754014492035,0.47163835167884827,0.4152512550354004,0.2804112136363983,0.26727670431137085,0.3535294532775879,0.5730661153793335,0.40267056226730347,0.37011903524398804,0.4801391363143921,0.4354814887046814,143.5546875,0.06053326964009288,0.24016280472278595,1792.813834961215,3999.200817379789,2371.754935482487,1107.6312255859375
gentle-instrumental-1-322812.mp3,-274.29339599609375,170.3180694580078,-9.043699264526367,15.431628227233887,-5.959293365478516,-12.380731582641602,-15.6957368850708,-10.51088809967041,2.9299495220184326,1.7887831926345825,-6.203519821166992,9.906525611877441,6.214316368103027,7.9079084396362305,9.484773635864258,8.297565460205078,0.6930229067802429,-3.062222719192505,-4.681086540222168,-1.539237141609192,0.263346791267395,0.07803145796060562,0.1558123677968979,0.10936569422483444,0.41238558292388916,0.19281505048274994,0.043182648718357086,0.06235355883836746,0.22862344980239868,0.5962924957275391,0.15348075330257416,0.18537496030330658,151.99908088235293,0.056184845443111454,0.09801346063613892,929.6116480175721,1392.2082481738585,1139.8183102251544,694.8192749023438
go-down-amapiano-239426.mp3,-130.23236083984375,47.011932373046875,36.19274139404297,20.982929229736328,-7.886773109436035,9.403944969177246,-3.8024282455444336,6.956171035766602,-0.8270522356033325,0.717251718044281,-9.527402877807617,-5.144222259521484,-4.732121467590332,1.9971829652786255,-3.936551332473755,4.514329433441162,-1.5122382640838623,-4.180444717407227,-8.251849174499512,2.2310800552368164,0.45472055673599243,0.24236394464969635,0.16991518437862396,0.23743462562561035,0.43494248390197754,0.2679339051246643,0.22469612956047058,0.2278089076280594,0.333871066570282,0.5871905088424683,0.3444686830043793,0.5227547883987427,112.34714673913044,0.12429819018479102,0.15775494277477264,3284.183647574022,6980.391123863196,3020.830537801155,1140.3223876953125
inspiring-song-374878.mp3,-210.6639862060547,109.28238677978516,-12.566173553466797,36.036476135253906,9.736955642700195,12.348496437072754,1.7231286764144897,2.887787103652954,-2.2291951179504395,-5.5424275398254395,-5.560299396514893,1.44370698928833,-2.3570990562438965,-3.2783596515655518,-4.693957805633545,-11.24968433380127,-12.81735897064209,-3.880048990249634,-2.1643996238708496,-7.5295257568359375,0.26270732283592224,0.324070006608963,0.1512855589389801,0.1583113968372345,0.11159162223339081,0.15879225730895996,0.1300410032272339,0.3480338156223297,0.5963765382766724,0.28314298391342163,0.05167743191123009,0.06831704825162888,117.45383522727273,0.0541111618372678,0.10028735548257828,1517.4258906511006,3183.8890807916505,1953.2439905816577,1013.5640869140625
instrumental-acoustic-359487.mp3,-126.03057098388672,113.9516830444336,19.829620361328125,15.658869743347168,12.184446334838867,13.376666069030762,-1.3830558061599731,9.66329574584961,-4.878977298736572,-2.7445428371429443,-8.366887092590332,-2.046586513519287,-1.6613088846206665,0.14284683763980865,-6.609070301055908,-5.371039867401123,-12.609871864318848,-13.900716781616211,-17.390722274780273,-9.720362663269043,0.3568055331707001,0.3259076178073883,0.7732210159301758,0.3824074864387512,0.22195716202259064,0.15473024547100067,0.19810767471790314,0.357978492975235,0.2936161756515503,0.2893335819244385,0.2937881052494049,0.6741767525672913,107.666015625,0.04871021188080495,0.1910962611436844,1669.2914596663156,3700.8442881675696,2358.597863239761,714.484619140625
instrumental-acoustic-360222.mp3,-208.9451141357422,144.12640380859375,18.176530838012695,22.019323348999023,14.984493255615234,13.645451545715332,5.082417011260986,4.3662567138671875,-1.9067033529281616,-0.8278033137321472,-5.640246391296387,-4.299606800079346,-6.162866592407227,-1.2281736135482788,-3.705131769180298,-0.7002728581428528,-5.838878631591797,-1.814852237701416,-10.3643217086792,-9.574871063232422,0.20131570100784302,0.4147300720214844,0.2660440504550934,0.33747148513793945,0.4956369400024414,0.33209702372550964,0.3417277932167053,0.3453288972377777,0.4948117136955261,0.4668128788471222,0.2368191033601761,0.20932330191135406,107.666015625,0.02815742610777864,0.15755556523799896,978.2944694697277,1724.597904925745,1702.736832919036,555.2733764648438
instrumental-acoustic-361435.mp3,-185.13641357421875,122.13265228271484,21.162113189697266,42.63821029663086,17.095232009887695,9.955183029174805,-3.3683385848999023,1.979088544845581,1.3199875354766846,1.7105125188827515,-12.609577178955078,-11.82695198059082,-3.802886962890625,-2.311206817626953,-15.010509490966797,-14.50774097442627,-14.354442596435547,-7.254051208496094,-8.259793281555176,-5.502744674682617,0.12184863537549973,0.36441752314567566,0.40807685256004333,0.2828511893749237,0.37487515807151794,0.13608838617801666,0.11915632337331772,0.1190837025642395,0.3845098614692688,0.701683521270752,0.3101850152015686,0.09707529097795486,107.666015625,0.03640151835816564,0.20154602825641632,1108.711868195819,2271.686263423955,1755.7629335479762,596.086181640625
instrumental-acoustic-367223.mp3,-180.58270263671875,144.7411651611328,-8.731633186340332,26.03278923034668,15.457832336425781,19.214614868164062,9.5806884765625,0.19498786330223083,-10.93992805480957,-6.218914985656738,-5.832956314086914,-3.1332929134368896,-9.630467414855957,-2.4331345558166504,-2.1009936332702637,-2.538747549057007,-4.017162799835205,-0.9935136437416077,-0.7716343998908997,0.11527632176876068,0.47062376141548157,0.3230539560317993,0.41603878140449524,0.3482654094696045,0.42122477293014526,0.3066830337047577,0.34676894545555115,0.6815204620361328,0.35865774750709534,0.23669351637363434,0.2592906355857849,0.4651104211807251,135.99917763157896,0.040814945941369966,0.1714521050453186,1080.408632359461,2232.728165664909,1550.9313902321574,794.0540161132812
instrumental-acoustic-374871.mp3,-136.89735412597656,86.9673843383789,-2.789238214492798,36.785343170166016,14.740630149841309,13.328388214111328,1.0348057746887207,5.683524131774902,2.4733693599700928,2.805514335632324,-2.520339250564575,2.3916521072387695,-3.247653007507324,4.016569137573242,2.33961820602417,-0.2567247748374939,-4.677177429199219,-2.1327309608459473,-8.793855667114258,-6.157446384429932,0.419653981924057,0.3041122257709503,0.4580686092376709,0.2948496341705322,0.4315328598022461,0.5214459896087646,0.35681068897247314,0.4393443763256073,0.30134811997413635,0.4791547954082489,0.5620583295822144,0.37271156907081604,99.38401442307692,0.07780754160216719,0.10377586632966995,2169.691017771768,4887.328780324836,2499.470539971724,1112.048828125
instrumental-acoustic-376508.mp3,-244.91384887695312,120.90966033935547,22.87207794189453,19.157682418823242,15.917612075805664,14.029694557189941,-3.606402635574341,2.6973350048065186,-3.082094430923462,2.799839735031128,-14.708739280700684,-8.917916297912598,-12.02174186706543,-8.714567184448242,-11.82463550567627,-6.446924209594727,-7.678258895874023,-1.8560481071472168,-16.463605880737305,-5.444921970367432,0.19036050140857697,0.13731181621551514,0.41665300726890564,0.7560572028160095,0.36701834201812744,0.08955375850200653,0.14810273051261902,0.411800742149353,0.33675098419189453,0.22863180935382843,0.3253954350948334,0.19596077501773834,107.666015625,0.03964223950270898,0.08241342008113861,1336.3737848584183,2800.1497345443113,2110.138628083319,683.5770263671875
instrumental-acoustic-80085.mp3,-173.43321228027344,134.9584197998047,10.442902565002441,40.28714370727539,24.15582275390625,19.444517135620117,10.086270332336426,0.7453487515449524,-0.7851865887641907,3.5587751865386963,-1.909435749053955,-1.9541641473770142,-4.414985656738281,1.4891780614852905,1.7016665935516357,1.4980159997940063,-3.2746150493621826,4.905269145965576,-5.435169696807861,-5.16011381149292,0.3088817894458771,0.4484444856643677,0.35437825322151184,0.46958816051483154,0.6824924945831299,0.3944116234779358,0.34035569429397583,0.34775564074516296,0.5042576193809509,0.5319223999977112,0.36286112666130066,0.42699986696243286,103.359375,0.03979643358165635,0.21211552619934082,1065.6783213851893,2001.604563237713,1675.1872320844989,691.0234375
instrumental-guitar-acoustic-370773.mp3,-154.8434295654297,131.97344970703125,26.376028060913086,36.18349075317383,10.779065132141113,8.304503440856934,-7.379024028778076,-3.719900131225586,-18.77202606201172,-14.036564826965332,-11.015705108642578,-1.5840321779251099,-5.387217044830322,-2.105550765991211,-15.244793891906738,-9.025886535644531,-6.1694769859313965,-6.780526638031006,-11.33517837524414,-8.073324203491211,0.2499907910823822,0.07078710943460464,0.09515253454446793,0.3584100008010864,0.37405964732170105,0.23895816504955292,0.44355547428131104,0.21739119291305542,0.16568343341350555,0.1192542016506195,0.2745239734649658,0.7282527089118958,112.34714673913044,0.04402618880611455,0.21830520033836365,1212.39791397222,2438.9602519410314,1869.3703617735616,589.1871337890625
instrumental-kizomba-220280.mp3,-199.07058715820312,130.4171600341797,-4.355795860290527,14.042336463928223,3.482830762863159,1.6048271656036377,-8.823567390441895,-0.38516226410865784,-1.915427565574646,-1.1697752475738525,-8.553318977355957,-9.119406700134277,-10.565618515014648,-6.961487770080566,-6.817115306854248,1.976475715637207,2.4426586627960205,2.453491687774658,1.1342227458953857,0.24167867004871368,0.29769349098205566,0.2789815366268158,0.33774060010910034,0.3472044765949249,0.4700576364994049,0.35070663690567017,0.41619688272476196,0.4428304135799408,0.27699053287506104,0.3580549359321594,0.2850502133369446,0.40215685963630676,92.28515625,0.04478771103424923,0.1848229616880417,1316.44066596144,2655.208944314774,1629.7012958967362,954.9719848632812
instrumental-kizomba-220282.mp3,-165.82276916503906,140.63638305664062,24.964967727661133,1.7292616367340088,9.494670867919922,6.080340385437012,5.2956695556640625,0.42986825108528137,-7.662282466888428,0.8205681443214417,-9.710417747497559,-5.977391242980957,-1.5425832271575928,2.6401259899139404,-1.7248687744140625,0.7933056950569153,-3.166184186935425,0.48851633071899414,-3.334995985031128,-0.882358729839325,0.33926329016685486,0.31184107065200806,0.42558643221855164,0.25344347953796387,0.2370602935552597,0.23312026262283325,0.4749477505683899,0.34192657470703125,0.3772674798965454,0.5493976473808289,0.4834177494049072,0.5977579951286316,89.10290948275862,0.05774606049245356,0.16373294591903687,1589.3205634600633,3518.7537225776414,2132.5108162858983,739.0643310546875
instrumental-kizomba-282733.mp3,-234.45701599121094,98.6263656616211,-12.745558738708496,6.815997123718262,-4.037831783294678,-10.947773933410645,-12.367910385131836,-4.777394771575928,-11.20827579498291,-10.465226173400879,-11.327615737915039,-9.234325408935547,-11.016196250915527,-3.88899302482605,0.20056624710559845,1.5375555753707886,-2.816223621368408,-2.229269504547119,-2.291569232940674,0.22455041110515594,0.23156952857971191,0.18596692383289337,0.22585627436637878,0.2606552541255951,0.38979849219322205,0.21654869616031647,0.3083953261375427,0.3946089744567871,0.22711020708084106,0.2941960394382477,0.22660274803638458,0.49040061235427856,89.10290948275862,0.07783059512867647,0.09448248893022537,1658.9850095846234,3217.272212261755,1760.8236802711692,1101.278076171875
instrumental-undertone-275398.mp3,-364.4457702636719,153.39370727539062,47.43191146850586,17.973651885986328,3.7559103965759277,-3.8170578479766846,-18.198200225830078,-13.8175687789917,-10.11689567565918,-6.929722309112549,-1.6977826356887817,7.150787353515625,-0.325700044631958,-5.989668846130371,-8.943077087402344,-8.883612632751465,-9.408520698547363,-6.075538635253906,-2.1727964878082275,-4.230258464813232,0.0800371989607811,0.2429402768611908,0.40317004919052124,0.12109516561031342,0.14028111100196838,0.10700419545173645,0.3173576891422272,0.12111801654100418,0.0838024914264679,0.21285545825958252,0.1060304343700409,0.16047920286655426,161.4990234375,0.04929788784345975,0.0863461121916771,839.296547701374,1116.1182509856328,1301.076286634052,535.9202880859375
jazz-funk-groove-222618.mp3,-274.87310791015625,90.1722183227539,35.342166900634766,22.800657272338867,7.398727893829346,4.329813003540039,-1.474116325378418,2.8753137588500977,-1.5831738710403442,3.9065194129943848,1.730359673500061,8.510295867919922,3.037111282348633,6.294042110443115,0.20498709380626678,3.946655750274658,-0.6973435878753662,2.7508511543273926,0.9960059523582458,4.345645904541016,0.3850044012069702,0.3361726999282837,0.23180930316448212,0.3713121712207794,0.3310392200946808,0.5167440176010132,0.3591538071632385,0.2549777328968048,0.25452253222465515,0.2971789836883545,0.4366883933544159,0.33680596947669983,86.1328125,0.10753638677921827,0.09468614310026169,2219.783494528543,4408.490009130708,2196.841353480346,1826.39794921875
light-instrumental-melody-313329.mp3,-305.3674011230469,169.9010009765625,26.404958724975586,21.23647689819336,10.964776992797852,7.463776588439941,-4.891063213348389,-4.463184833526611,-8.643750190734863,-6.9384284019470215,-17.32230567932129,-8.63005542755127,-9.100235939025879,-5.850074291229248,-1.864479899406433,-0.5986300706863403,-3.590519905090332,-6.197051525115967,-6.1150803565979,-2.5872087478637695,0.19705888628959656,0.2267337441444397,0.6001285314559937,0.3123345971107483,0.17094646394252777,0.1158660426735878,0.19718901813030243,0.4516177773475647,0.19580788910388947,0.1043664887547493,0.08505851030349731,0.2733651101589203,112.34714673913044,0.03574203632933436,0.09564831107854843,787.1504408083493,1355.1501389258417,1117.699410338407,609.7970581054688
lofi-boy-night-waves-278248.mp3,-315.61944580078125,178.29603576660156,24.101945877075195,22.47907829284668,21.85348892211914,11.030141830444336,-7.178827285766602,-7.111978054046631,-5.334433078765869,-9.538106918334961,-11.613813400268555,-9.68094253540039,-13.807433128356934,-15.066847801208496,-2.491893768310547,0.9563589096069336,-9.709312438964844,-9.197482109069824,-0.8163782954216003,-0.7836484313011169,0.15904882550239563,0.23776516318321228,0.22026801109313965,0.08655858784914017,0.08468928188085556,0.11639893054962158,0.3481936454772949,0.12550045549869537,0.09893913567066193,0.2277064174413681,0.1856950968503952,0.299323171377182,151.99908088235293,0.029796871976586686,0.14452886581420898,597.6693684792755,942.4859675829624,834.702518418549,396.17535400390625
match-out-free-afro-amapiano-178406.mp3,-58.900699615478516,83.41600036621094,22.39633560180664,20.11861228942871,9.930026054382324,9.407279014587402,-3.74877667427063,8.442544937133789,2.0650856494903564,5.211634159088135,-0.18160425126552582,6.057661056518555,-2.2634329795837402,0.5324282646179199,-2.8252058029174805,-1.5333800315856934,-6.742241859436035,0.5646181106567383,-0.8570041060447693,4.498702049255371,0.49325287342071533,0.46456506848335266,0.48423466086387634,0.5206463932991028,0.6631994843482971,0.5903524160385132,0.4438150227069855,0.45864829421043396,0.4303998053073883,0.4269261658191681,0.3944617509841919,0.44235536456108093,112.34714673913044,0.0812818214251161,0.3201979994773865,2443.2545816209736,5740.823619358311,2819.681462958248,1109.12451171875
midnight-forest-184304.mp3,-394.28338623046875,212.31414794921875,60.46133804321289,18.77446937561035,-14.820769309997559,-10.68742561340332,-19.537363052368164,-7.471513271331787,-0.9432663917541504,5.042783737182617,1.8405969142913818,-0.26068803668022156,-8.259410858154297,-10.65184497833252,2.4798943996429443,-0.3415037989616394,0.39231404662132263,-0.613180935382843,-3.410923719406128,-2.948354721069336,0.22765067219734192,0.7245510220527649,0.28545939922332764,0.15174752473831177,0.4266491234302521,0.21675722301006317,0.4047902226448059,0.22350667417049408,0.4963515102863312,0.4708766043186188,0.13992144167423248,0.21704623103141785,123.046875,0.04041434367743808,0.04754839092493057,531.0485814284034,724.6122850353134,655.4906522686639,480.70977783203125
piano-instrumental-335888.mp3,-379.71759033203125,187.94717407226562,79.23374938964844,10.59523868560791,1.8154168128967285,10.277803421020508,7.1623687744140625,-2.6638362407684326,-9.511556625366211,-11.781085014343262,-9.989901542663574,-6.441971778869629,-5.646653175354004,-8.26797103881836,-10.518407821655273,-10.716272354125977,-10.114397048950195,-9.045120239257812,-7.383397579193115,-5.8424835205078125,0.43580305576324463,0.17564110457897186,0.14601804316043854,0.1327892392873764,0.3515844941139221,0.20885984599590302,0.13148590922355652,0.29389357566833496,0.1921817660331726,0.2147359997034073,0.15399815142154694,0.2604472041130066,143.5546875,0.02973602578366873,0.11112876981496811,390.4789582318465,619.8545851574594,475.57132525854047,421.3070983886719
silent-prayer-instrumental-212811.mp3,-189.03016662597656,147.80157470703125,-4.953892230987549,9.66425895690918,25.727581024169922,16.6533203125,-5.280029296875,7.638815402984619,-10.606465339660645,-11.42105770111084,-19.54692840576172,-3.183704137802124,-3.0115652084350586,-15.473945617675781,-2.867039442062378,5.912839889526367,-14.644082069396973,-2.794771909713745,-10.884891510009766,-3.5307095050811768,0.4636748135089874,0.22884607315063477,0.17677804827690125,0.12807796895503998,0.24235454201698303,0.218438521027565,0.24245363473892212,0.680927038192749,0.23904260993003845,0.092267245054245,0.08169058710336685,0.24060212075710297,112.34714673913044,0.04372649296149381,0.15332995355129242,1109.4311669808521,2020.6461147627226,1630.8546394487805,814.5277099609375
softie-relaxing-lofi-265107.mp3,-320.4212951660156,183.58023071289062,31.867006301879883,36.745567321777344,21.00091552734375,7.858809471130371,2.4613571166992188,-3.1750030517578125,0.28551915287971497,0.7606251239776611,1.8594974279403687,1.3873707056045532,-0.31285524368286133,-0.9048072695732117,-1.836762547492981,-5.036667346954346,-6.050589084625244,-3.4931535720825195,-1.8637624979019165,-2.471292018890381,0.3321774899959564,0.2530360221862793,0.31692248582839966,0.23507671058177948,0.41493895649909973,0.3093521296977997,0.23502276837825775,0.38763004541397095,0.2239186018705368,0.2508486211299896,0.18820476531982422,0.3541773557662964,86.1328125,0.03697710066756966,0.12903857231140137,562.7034076469251,865.3281008126935,789.7450756958665,621.9053955078125
southern-blues-industrial-266991.mp3,-120.41602325439453,99.5926284790039,-21.674531936645508,40.4089241027832,2.606348991394043,6.8150787353515625,-0.10953864455223083,2.498499631881714,-0.952867329120636,3.050236463546753,-6.553579330444336,-0.3332770764827728,-10.84417724609375,-6.968236923217773,-6.343502998352051,-1.0002977848052979,-7.710495948791504,1.4620486497879028,-0.6562990546226501,2.39237642288208,0.5008925795555115,0.3735036849975586,0.22952871024608612,0.23814958333969116,0.25399789214134216,0.28259024024009705,0.34900546073913574,0.5805174112319946,0.36581259965896606,0.17999468743801117,0.23106589913368225,0.2529015839099884,112.34714673913044,0.07758645450367647,0.10592248290777206,2018.9578217120695,4261.615897258369,2192.4776297415838,1072.220703125
trygve-larsen-118212.mp3,-233.82196044921875,123.51996612548828,19.93950080871582,32.20378494262695,4.763321399688721,25.227800369262695,11.652236938476562,11.362770080566406,6.247857570648193,8.771737098693848,3.2259509563446045,5.06550931930542,0.9000426530838013,2.7342278957366943,-0.3922808766365051,3.4163358211517334,-1.5311776399612427,3.7233803272247314,0.1739550083875656,2.513829231262207,0.4505007863044739,0.3186117708683014,0.3845404386520386,0.3175888955593109,0.3973437249660492,0.27883073687553406,0.28356820344924927,0.45019418001174927,0.2795105576515198,0.27581533789634705,0.2500569820404053,0.36816972494125366,99.38401442307692,0.04681150832043344,0.12178724259138107,1159.0857876638368,2289.3194901315787,1794.2315745080598,795.0301513671875
trygve-larsen-118259.mp3,-241.7052001953125,117.29861450195312,20.753963470458984,31.301437377929688,5.1206536293029785,11.027762413024902,-0.8439562320709229,1.0651854276657104,-6.509278774261475,7.236964702606201,1.3449316024780273,2.6559672355651855,-0.4031524062156677,1.2886943817138672,-2.900968551635742,-2.1636836528778076,-3.973586320877075,-1.3677480220794678,-3.6056108474731445,0.20190854370594025,0.2992449402809143,0.30240029096603394,0.4715854525566101,0.40398088097572327,0.2626086175441742,0.3112735450267792,0.29829463362693787,0.4653380215167999,0.3394925892353058,0.23179174959659576,0.24923115968704224,0.2585390508174896,129.19921875,0.05209605686435759,0.10679365694522858,1510.607064197698,3079.8897096616197,1997.596523764492,866.5005493164062
trygve-larsen-11833.mp3,-375.9468994140625,109.76085662841797,32.24414825439453,23.799226760864258,3.7463810443878174,1.3737050294876099,4.441964626312256,-1.3216874599456787,-7.500153541564941,2.097243547439575,-0.48139557242393494,0.287736177444458,-3.523773193359375,-2.87646746635437,-7.970943450927734,-2.34555983543396,0.3309513330459595,5.570130825042725,-0.567051887512207,2.459934949874878,0.3851807713508606,0.2564101815223694,0.3107258081436157,0.25065886974334717,0.36000487208366394,0.4119873046875,0.2594706118106842,0.34308040142059326,0.24072811007499695,0.3598692715167999,0.3240374028682709,0.2463223785161972,117.45383522727273,0.06667420000483747,0.02543078176677227,1536.5174337424132,3265.871918385981,2017.1389760578625,953.2117309570312
trygve-larsen-12778.mp3,-246.0983428955078,125.03275299072266,3.1528100967407227,37.54545211791992,12.932071685791016,6.4515204429626465,1.6100329160690308,4.666651248931885,-5.256774425506592,2.4882287979125977,0.4225667119026184,1.5128921270370483,3.462303400039673,-0.023732660338282585,-5.579824924468994,0.35926803946495056,-8.482390403747559,-0.5805624127388,-3.5597949028015137,-2.552394151687622,0.49790534377098083,0.4457051157951355,0.5289745330810547,0.42736560106277466,0.4751562476158142,0.40883827209472656,0.37703007459640503,0.4494796097278595,0.3683769702911377,0.39864838123321533,0.3203231990337372,0.3846614956855774,123.046875,0.08586569393382353,0.09458006918430328,1635.5998043735078,3189.8473780959753,1913.2946771893094,1119.6239013671875
trygve-larsen-13058.mp3,-228.4864501953125,104.9310073852539,19.725038528442383,33.78961944580078,5.506598949432373,14.152010917663574,-3.7763543128967285,8.848469734191895,-3.405866861343384,1.5827884674072266,-0.1489165872335434,-2.096764326095581,-2.214937686920166,-0.16029292345046997,0.37984058260917664,0.09099964052438736,-0.13203945755958557,-0.036600638180971146,-2.4843692779541016,1.8429808616638184,0.41939255595207214,0.3948490023612976,0.47351768612861633,0.3725002408027649,0.4464835524559021,0.5324407815933228,0.43900901079177856,0.49271494150161743,0.4587246775627136,0.4986143410205841,0.4547592103481293,0.3570213317871094,107.666015625,0.09194086505901702,0.08216239511966705,2034.0616406729862,4252.140954552051,2315.795469753656,1003.9522094726562
trygve-larsen-amusing-11106.mp3,-386.062744140625,101.89935302734375,-20.890884399414062,31.142257690429688,7.241641998291016,2.906262159347534,5.013851642608643,1.6978058815002441,-5.83975887298584,-0.22478331625461578,5.091787815093994,1.7611318826675415,5.69966459274292,5.1268229484558105,4.444931507110596,4.5755462646484375,-0.4871903657913208,4.75637674331665,6.85577917098999,2.8667209148406982,0.27688542008399963,0.23372149467468262,0.32610225677490234,0.26077812910079956,0.2606368064880371,0.40506553649902344,0.2898921072483063,0.23887915909290314,0.34930673241615295,0.23957045376300812,0.18280789256095886,0.1595151722431183,129.19921875,0.05482922249903251,0.03705795481801033,975.2428851349893,1924.7300280875097,1087.9063948793741,1355.8548583984375
trygve-larsen-brassy-11189.mp3,-298.80999755859375,101.53289794921875,7.216789245605469,27.663942337036133,-0.6700948476791382,10.595128059387207,-0.4003029465675354,4.689539909362793,-1.4654675722122192,-2.1718764305114746,-8.300385475158691,-8.317240715026855,-8.143447875976562,-2.5687835216522217,-2.353996515274048,-0.7553989291191101,-2.063206672668457,1.6219972372055054,-0.7504852414131165,-2.4678897857666016,0.26765182614326477,0.3477438986301422,0.2517963945865631,0.2532564103603363,0.12343961000442505,0.1259106546640396,0.119300477206707,0.1954984813928604,0.3695370554924011,0.2761934697628021,0.36231645941734314,0.2179105132818222,117.45383522727273,0.17158664195530185,0.06751682609319687,2474.598044332283,3970.6093236019738,1859.9539956684057,840.1161499023438
trygve-larsen-buried-11188.mp3,-275.4594421386719,115.12171173095703,-0.2941335141658783,32.770687103271484,9.735620498657227,5.191389083862305,-2.02266788482666,3.357205629348755,-5.465475082397461,-3.3688764572143555,-6.34576940536499,-0.7149655222892761,-1.7425516843795776,-0.02510732226073742,-3.1268458366394043,-2.054710626602173,-4.574216842651367,-0.6375014185905457,-4.324379920959473,-0.08909361064434052,0.4130841791629791,0.37643539905548096,0.5210490226745605,0.34884750843048096,0.33707308769226074,0.3432735800743103,0.2176176905632019,0.26873958110809326,0.3001577854156494,0.42738357186317444,0.43913590908050537,0.3556500971317291,112.34714673913044,0.1550240059017028,0.06604090332984924,2349.1290217516976,3897.4180995126258,1834.3632916689835,860.26806640625
trygve-larsen-citycars-11190.mp3,-199.01339721679688,102.06686401367188,-21.344905853271484,28.557178497314453,10.54899787902832,4.608164310455322,2.7136693000793457,7.025372505187988,-3.604678153991699,6.9110798835754395,2.9976775646209717,8.264362335205078,1.7693275213241577,4.421805381774902,2.7860867977142334,4.477000713348389,2.3963823318481445,3.017595052719116,-3.197490930557251,-1.9937560558319092,0.3845004737377167,0.35578298568725586,0.4767471253871918,0.47711417078971863,0.5151551365852356,0.35353246331214905,0.4126177430152893,0.3694011867046356,0.3873070180416107,0.4297559857368469,0.3370661735534668,0.5191398859024048,117.45383522727273,0.10895550140286378,0.0705689936876297,2024.4080379204547,4008.909092008514,2118.6195188339348,1460.83642578125
trygve-larsen-considerate-117912.mp3,-260.378173828125,140.14926147460938,9.197894096374512,30.063692092895508,5.042006015777588,12.695322036743164,-5.117471694946289,1.0562585592269897,-4.775363922119141,2.293100118637085,-1.0178840160369873,1.5126595497131348,0.09636567533016205,0.9857895970344543,-4.854705333709717,-1.3266911506652832,-5.132364273071289,-1.2526612281799316,-2.354452133178711,-0.8462424278259277,0.3788788914680481,0.2858574390411377,0.28576985001564026,0.3349205553531647,0.3056871294975281,0.48091375827789307,0.24601902067661285,0.22799964249134064,0.2811985909938812,0.3422037959098816,0.36112773418426514,0.2629092335700989,161.4990234375,0.0530325591379644,0.06232175976037979,1229.6712290409698,2359.619065039667,1723.1033307644532,923.006103515625
trygve-larsen-daydreams-11194.mp3,-326.82196044921875,160.0928497314453,15.859354972839355,26.16027069091797,19.549697875976562,7.055047512054443,-0.570151150226593,0.7101972103118896,3.084688901901245,2.757927417755127,3.302163600921631,2.0751848220825195,-1.3299250602722168,0.8209664225578308,2.4465200901031494,-0.9177017211914062,-0.21954478323459625,0.6106916666030884,-0.8924490809440613,-0.7410409450531006,0.47372832894325256,0.3965672254562378,0.3341030776500702,0.30422380566596985,0.35949599742889404,0.3590702414512634,0.311542272567749,0.39104852080345154,0.42713677883148193,0.34840887784957886,0.3301240801811218,0.32495105266571045,129.19921875,0.08906484314531733,0.07668318599462509,1294.8682082226062,2169.553547673181,1296.6407831249264,656.1499633789062
trygve-larsen-dirty-11196.mp3,-274.55078125,105.18321990966797,11.5337495803833,30.389488220214844,-2.6174798011779785,11.489232063293457,-2.7310774326324463,-1.7544952630996704,-7.580084323883057,-4.912232398986816,-7.77651834487915,-5.520789623260498,-3.8057706356048584,1.847664713859558,-3.577737331390381,-2.6440067291259766,-1.500771403312683,4.350736141204834,-0.9694738984107971,-3.549687147140503,0.4024046063423157,0.35313680768013,0.47486940026283264,0.3783986568450928,0.17993290722370148,0.18459101021289825,0.16819214820861816,0.35727477073669434,0.2908402979373932,0.3300621509552002,0.32241666316986084,0.3339865207672119,99.38401442307692,0.17619054457720587,0.06730975210666656,2603.984117546119,4224.682787254499,1877.409557539525,774.92578125
trygve-larsen-dixiated-12780.mp3,-236.33184814453125,117.4613265991211,8.044164657592773,4.875269412994385,-0.14250792562961578,-3.5442984104156494,-5.68917989730835,-4.57001256942749,-13.527585983276367,-2.846356153488159,-10.874176025390625,-5.357334613800049,-7.794598579406738,-2.493821144104004,-8.279852867126465,0.21158410608768463,-4.903420925140381,-0.10957078635692596,0.8923372030258179,0.7559623718261719,0.3803108036518097,0.27295565605163574,0.4195858836174011,0.45484018325805664,0.2539113163948059,0.24282413721084595,0.2984568178653717,0.47510242462158203,0.26696714758872986,0.24289610981941223,0.33941465616226196,0.31832560896873474,151.99908088235293,0.11721093145317338,0.07775335758924484,2019.698171525427,3690.636016562258,2191.56609740522,1364.8004150390625
trygve-larsen-exceptional-11841.mp3,-293.16741943359375,93.36402893066406,9.863608360290527,27.64435577392578,2.412977933883667,16.069801330566406,3.261552095413208,1.730147123336792,-5.338785171508789,-4.237514972686768,-5.457423210144043,-2.2354557514190674,-3.6326348781585693,-2.1163735389709473,-3.0171937942504883,-1.076581597328186,0.6422610282897949,2.7261266708374023,-1.2532871961593628,-2.456071615219116,0.41798076033592224,0.31487080454826355,0.31411024928092957,0.3695041835308075,0.17455096542835236,0.15867476165294647,0.12412106245756149,0.26534581184387207,0.2534524202346802,0.3106341063976288,0.277803510427475,0.2881936728954315,99.38401442307692,0.18942931562016255,0.07240291684865952,2715.2018016227767,4327.865496656105,1940.7174311818067,847.4332275390625
trygve-larsen-forget-13055.mp3,-172.07046508789062,133.29981994628906,1.3232183456420898,27.557771682739258,3.6808576583862305,13.231717109680176,3.0749995708465576,0.9027464389801025,-4.134056091308594,2.3151893615722656,-3.311805486679077,0.7408245801925659,-2.856276273727417,0.44004976749420166,-4.867033958435059,-0.5492734909057617,-3.2246124744415283,1.3910167217254639,-2.185924530029297,0.5995151996612549,0.3722221553325653,0.35832902789115906,0.3079482614994049,0.43504226207733154,0.285175621509552,0.3625350892543793,0.229300394654274,0.3910413682460785,0.34810319542884827,0.23563776910305023,0.3492547869682312,0.23866777122020721,99.38401442307692,0.06623504922116873,0.10597673058509827,1464.3944063702909,2988.540262039232,1908.5425141478115,905.35205078125
trygve-larsen-forgotten-118388.mp3,-419.50115966796875,107.07217407226562,11.571793556213379,40.8120231628418,11.026652336120605,7.514997482299805,8.596879005432129,2.902437925338745,-1.993223786354065,-5.590249538421631,-3.0967257022857666,3.25598406791687,2.487940788269043,5.963018894195557,-1.957464575767517,-4.91644287109375,-11.043662071228027,-5.339748382568359,-3.435964584350586,-2.0931270122528076,0.4235529899597168,0.3152215778827667,0.43440964818000793,0.3356200158596039,0.2864527702331543,0.2535947263240814,0.31404393911361694,0.3439870774745941,0.3167034685611725,0.3688645362854004,0.31735163927078247,0.3427509665489197,117.45383522727273,0.13629547213622292,0.021174335852265358,2046.147741984475,3543.661905294601,1883.5270937730756,1306.025146484375
trygve-larsen-july-118270.mp3,-217.15777587890625,130.5441131591797,11.221689224243164,30.142484664916992,-2.304922103881836,14.6168794631958,-9.305856704711914,-1.0689771175384521,-10.60912036895752,-2.060222625732422,-3.59226655960083,-4.131133079528809,-9.59617805480957,-2.126682996749878,-3.134929895401001,-4.153456211090088,-5.8762102127075195,-1.5191802978515625,-4.608044624328613,-1.2067253589630127,0.3832888901233673,0.32912322878837585,0.2850134074687958,0.3555184006690979,0.3238152861595154,0.37728795409202576,0.27643975615501404,0.3592440187931061,0.4039037823677063,0.2905523478984833,0.32705995440483093,0.2833118736743927,112.34714673913044,0.0783294583252709,0.12266390770673752,1490.5090685061791,2910.2240689398704,1852.1540108220213,971.3687744140625
trygve-larsen-melodic-116263.mp3,-216.124755859375,117.38117980957031,17.426864624023438,30.470630645751953,-0.17862948775291443,10.80036735534668,-4.0139241218566895,3.945434093475342,-4.75517463684082,7.636547088623047,-1.8193223476409912,-0.12962232530117035,-3.350844144821167,-2.5095572471618652,-5.978363513946533,-0.9404279589653015,-3.675766944885254,1.2875804901123047,-1.3548293113708496,3.9243886470794678,0.32538118958473206,0.16133250296115875,0.17811043560504913,0.26161131262779236,0.236092671751976,0.37760698795318604,0.18797719478607178,0.3134711980819702,0.29585859179496765,0.19397982954978943,0.23273640871047974,0.2048596292734146,95.703125,0.06729626729392414,0.09970130771398544,1499.5864762613492,3008.2818093314627,1933.9133958021978,987.7813720703125
trygve-larsen-never-116262.mp3,-247.26214599609375,142.52484130859375,-14.94364070892334,33.16244888305664,20.101335525512695,-3.210651397705078,4.643658638000488,-1.3979068994522095,-13.151010513305664,3.3090085983276367,0.4978233873844147,2.2200002670288086,2.0312986373901367,-2.51450252532959,-10.438912391662598,3.7916054725646973,-6.594117164611816,6.829956531524658,1.8358906507492065,-3.1701600551605225,0.42082738876342773,0.2169543355703354,0.29161736369132996,0.32593008875846863,0.3020544946193695,0.3086868226528168,0.264474481344223,0.538648784160614,0.25599434971809387,0.1799638420343399,0.15422922372817993,0.25209495425224304,107.666015625,0.07905356581366099,0.09514554589986801,1328.425151373127,2458.8851314580106,1434.9416263461071,1277.6773681640625
trygve-larsen-one-night-116250.mp3,-268.8415832519531,135.356689453125,32.56903839111328,33.10508728027344,8.988690376281738,14.351556777954102,-0.6675421595573425,-1.3113760948181152,-2.745063066482544,2.685321569442749,-4.229594707489014,-0.15853308141231537,-1.4434839487075806,-0.5921038389205933,-5.1422834396362305,-5.315439701080322,-6.4810333251953125,-3.7327468395233154,-6.824516773223877,-2.2835469245910645,0.24123208224773407,0.23437753319740295,0.3781019151210785,0.34442833065986633,0.2713738977909088,0.3078453242778778,0.23358726501464844,0.3091636002063751,0.2419585883617401,0.262207955121994,0.37162619829177856,0.3418220579624176,86.1328125,0.03476547382933436,0.09873434156179428,1136.1863262874854,2251.394719457479,1826.9264527547466,509.7848205566406
trygve-larsen-painted-tears-118295.mp3,-248.45437622070312,122.36449432373047,11.079605102539062,36.96772384643555,11.85722827911377,1.3610097169876099,-3.991135835647583,-3.206686496734619,-8.669793128967285,-3.747140884399414,-3.1322021484375,-3.126065731048584,-5.351295471191406,-1.5925564765930176,-5.224148273468018,-1.5707614421844482,-5.1322832107543945,-0.45417317748069763,-2.8096625804901123,3.137073278427124,0.2889408469200134,0.2678004503250122,0.3249889612197876,0.21384038031101227,0.2867947220802307,0.2595905661582947,0.45820385217666626,0.2805328965187073,0.18571807444095612,0.18597149848937988,0.27854886651039124,0.4822370707988739,89.10290948275862,0.06139456450754644,0.05640053376555443,1522.0024425815202,3208.5639315862036,2037.5371826897892,986.6121826171875
trygve-larsen-poetical-11894.mp3,-250.2474822998047,93.51372528076172,15.41500473022461,39.75258255004883,9.957269668579102,8.539581298828125,5.889822483062744,6.922218322753906,1.4223307371139526,3.735978126525879,-3.8234915733337402,5.597521781921387,-3.275564432144165,2.3357434272766113,-1.0967952013015747,0.8517670631408691,-1.6471461057662964,-1.7639753818511963,-1.4275789260864258,3.4943795204162598,0.5073102712631226,0.4046454131603241,0.46890494227409363,0.45731860399246216,0.5652393102645874,0.46880480647087097,0.36838680505752563,0.44664087891578674,0.3810022175312042,0.38498932123184204,0.3427637219429016,0.4326907992362976,123.046875,0.04671211360777864,0.08754850924015045,1598.5869128355876,3891.7764669601393,2304.5460123563657,936.8760986328125
trygve-larsen-recalled-12936.mp3,-225.35308837890625,132.20262145996094,16.24525260925293,37.64970016479492,3.3380818367004395,17.65776252746582,3.2186660766601562,2.443176746368408,-4.249347686767578,-2.0819969177246094,-5.386348247528076,2.9777588844299316,-7.303877353668213,-3.663076400756836,-8.566458702087402,-2.6598105430603027,-4.57393741607666,-1.615108847618103,-8.650096893310547,-5.275156497955322,0.4895762503147125,0.32274410128593445,0.39172008633613586,0.46976837515830994,0.2966219484806061,0.3220811188220978,0.3331696689128876,0.5294236540794373,0.3191852271556854,0.2445329874753952,0.32188698649406433,0.3359314799308777,95.703125,0.03792153940112229,0.08544661104679108,1220.1156795443399,2563.051168246904,1878.7580666185895,589.8348388671875
trygve-larsen-recalling-coral-117907.mp3,-310.14483642578125,131.40872192382812,30.248268127441406,29.872867584228516,4.580760478973389,15.815078735351562,4.675601959228516,0.037177592515945435,-5.682547092437744,1.9626011848449707,-1.815902829170227,1.4856054782867432,-3.0330276489257812,-3.405776023864746,-3.411261796951294,-1.1219717264175415,-4.575072288513184,-3.711642265319824,-5.892643928527832,-3.0942113399505615,0.26926389336586,0.2820167541503906,0.43299075961112976,0.33125102519989014,0.3134438693523407,0.270900160074234,0.42638036608695984,0.48138320446014404,0.3311951458454132,0.32619571685791016,0.2703992426395416,0.3264371454715729,86.1328125,0.03710861914667183,0.05545029044151306,1299.703442394288,2718.208563364696,1934.9999159342171,509.8211669921875
trygve-larsen-selfmade-118300.mp3,-241.89950561523438,131.09109497070312,23.37484359741211,40.33314514160156,9.607230186462402,8.649728775024414,4.606196403503418,-0.0696566104888916,-5.3622145652771,-1.2049590349197388,-2.600548028945923,1.1273750066757202,-2.8851420879364014,-2.809847354888916,-6.002468585968018,-0.9947344660758972,-2.1542904376983643,1.8280293941497803,-4.143645286560059,-0.07445251941680908,0.5018527507781982,0.3175499141216278,0.3959665298461914,0.40220943093299866,0.26126593351364136,0.36372679471969604,0.28412774205207825,0.40727904438972473,0.3053125739097595,0.2728484272956848,0.32787179946899414,0.39171507954597473,161.4990234375,0.04869320518092105,0.07567723840475082,1325.101873700034,2752.833353993324,1948.2399681001107,791.4263916015625
trygve-larsen-sensitive-favors-118301.mp3,-237.2476348876953,98.88489532470703,-24.62993621826172,42.83660125732422,-1.6980199813842773,8.338445663452148,-3.359807014465332,2.517624616622925,0.41880831122398376,-0.13576486706733704,1.042088508605957,-0.21199749410152435,2.9633419513702393,3.3285505771636963,2.0412404537200928,7.093449115753174,-0.047014642506837845,2.893144369125366,2.725400447845459,6.949819087982178,0.33122941851615906,0.19461742043495178,0.27826276421546936,0.2098541557788849,0.3106728792190552,0.31347668170928955,0.2938956022262573,0.3178052306175232,0.25250375270843506,0.33151817321777344,0.20751643180847168,0.32537147402763367,103.359375,0.08916499371130031,0.07165525108575821,1661.8329690171502,3378.404571249758,1743.8110146721058,1424.7490234375
trygve-larsen-shared-love-116264.mp3,-204.0391845703125,133.76071166992188,6.562295913696289,21.332599639892578,10.17782211303711,9.023293495178223,-1.9223079681396484,5.399825096130371,0.7512931227684021,3.7008540630340576,1.271706223487854,5.882499694824219,-0.07647350430488586,5.347456932067871,1.9133617877960205,6.051825046539307,2.6437764167785645,6.3222150802612305,3.8201160430908203,2.577627658843994,0.3781544864177704,0.40602895617485046,0.39904657006263733,0.43745994567871094,0.2427436262369156,0.2928732633590698,0.36927491426467896,0.23366773128509521,0.3567231595516205,0.36489665508270264,0.5923643112182617,0.44645625352859497,112.34714673913044,0.049237041650541796,0.11036042124032974,1257.8833625183183,2464.3434317857486,1865.2482601009808,922.4685668945312
trygve-larsen-sleazy-gals-12937.mp3,-188.0021209716797,109.66207885742188,-10.046722412109375,32.32926940917969,14.928878784179688,13.441019058227539,5.051454544067383,13.081961631774902,2.244260549545288,7.2447686195373535,1.3187987804412842,4.195720672607422,-1.073866844177246,2.608025550842285,-1.6831477880477905,2.944216012954712,-1.0164214372634888,2.33798885345459,0.7187275886535645,1.7112181186676025,0.49139124155044556,0.3188473880290985,0.3158300220966339,0.32153788208961487,0.356792688369751,0.4216596186161041,0.31934162974357605,0.47299709916114807,0.4315377473831177,0.29719850420951843,0.3763467073440552,0.326744019985199,117.45383522727273,0.07818395655959752,0.08303428441286087,1703.662976944064,3515.9370729428697,2063.7602344241104,1255.66259765625
trygve-larsen-stick-12938.mp3,-262.71893310546875,119.52246856689453,32.04164505004883,42.568817138671875,12.7819185256958,19.262468338012695,5.3714189529418945,5.105049133300781,2.415886640548706,5.0248703956604,-0.8961786031723022,4.0864577293396,-1.216831088066101,1.901155948638916,-1.9193809032440186,0.10314799845218658,-1.3835152387619019,5.283995151519775,2.8700222969055176,3.1943728923797607,0.45063120126724243,0.3488626182079315,0.3347984850406647,0.4407724142074585,0.3359065353870392,0.3170740008354187,0.2676497995853424,0.3413238227367401,0.2726421654224396,0.2430107146501541,0.35407471656799316,0.3391481041908264,95.703125,0.03545632377128483,0.10298299789428711,1230.2079086395684,2612.9675330761415,1922.1808365402205,615.2593994140625
trygve-larsen-third-sky-118218.mp3,-186.80601501464844,117.26786041259766,-3.147754669189453,32.45054626464844,4.172755241394043,10.224213600158691,0.2948777377605438,-1.0898367166519165,-10.164794921875,2.879995346069336,-3.020134449005127,-1.1897817850112915,-6.352917194366455,-3.699129581451416,-7.04705286026001,-3.1768598556518555,-5.219620704650879,-0.11439055949449539,-0.17883196473121643,6.138042449951172,0.4325774013996124,0.3275461196899414,0.32896900177001953,0.3491467237472534,0.2583407461643219,0.5748358368873596,0.3350037634372711,0.33110424876213074,0.28043878078460693,0.19731958210468292,0.1671651303768158,0.20664730668067932,123.046875,0.0759390721749226,0.08542454987764359,1623.364379755491,3323.379903976393,2008.4520677879455,1078.698486328125
upbeat-instrumental-264906.mp3,-269.04571533203125,154.1129608154297,15.408750534057617,24.277603149414062,16.381057739257812,13.851203918457031,-4.205167293548584,-3.7723567485809326,-12.71455192565918,-5.665940284729004,-14.383747100830078,-5.7855000495910645,-2.077390193939209,-4.1528544425964355,-9.655369758605957,-6.285463333129883,-11.081871032714844,-8.485828399658203,-5.527941703796387,-13.672721862792969,0.20787180960178375,0.2476205974817276,0.4401259422302246,0.24283233284950256,0.17848260700702667,0.1047196015715599,0.1995028853416443,0.18895696103572845,0.1987007111310959,0.37102270126342773,0.28542762994766235,0.4737870991230011,151.99908088235293,0.03306442591428019,0.09995487332344055,884.3616945275676,1456.2828607234424,1462.0881811247639,538.5592651367188
we-dub-a-long-172796.mp3,-155.8786163330078,91.95867919921875,-2.983412027359009,27.877992630004883,4.62993860244751,11.372501373291016,-1.7960205078125,-2.765282154083252,-7.8033294677734375,-1.6693648099899292,-2.3325142860412598,3.5420892238616943,-2.2074363231658936,0.4744338393211365,-2.0984764099121094,0.33853405714035034,-2.887573480606079,3.8995418548583984,4.338518142700195,7.242713451385498,0.3266814351081848,0.42311522364616394,0.5552931427955627,0.4423255920410156,0.47493600845336914,0.38997507095336914,0.5184520483016968,0.4373779892921448,0.3169645071029663,0.3591105043888092,0.2971377670764923,0.35238924622535706,129.19921875,0.07792545472136223,0.14905790984630585,2009.1436512956075,4378.481857252564,2319.4483695658005,1424.443115234375
winter-relaxing-piano-268028.mp3,-330.2392272949219,194.3343963623047,-23.09328269958496,20.15896224975586,13.13467788696289,-3.3909144401550293,-2.4336726665496826,-14.279658317565918,-6.859196662902832,-4.862706184387207,-7.6067681312561035,-12.34801197052002,-10.946433067321777,-5.825626850128174,-6.577767372131348,-5.115706920623779,-6.155147075653076,-5.070202827453613,-0.6273712515830994,-0.9168802499771118,0.39093342423439026,0.16762413084506989,0.3048558533191681,0.13843601942062378,0.2513452172279358,0.12463457882404327,0.11295459419488907,0.3639156222343445,0.1237274631857872,0.13332882523536682,0.11260445415973663,0.301336407661438,161.4990234375,0.045633132981811146,0.057616692036390305,781.4456326368365,1464.9578082672213,816.8395836309113,739.8180541992188
